user_id,clicked_on_email
4681,1
9579,1
2601,1
7136,1
928,1
8607,1
7192,1
6991,1
1412,1
2703,1
4881,1
7524,1
6189,1
8878,1
2377,1
5224,1
5060,1
9881,1
5180,1
2155,1
881,1
5305,1
3398,1
9119,1
4142,1
8744,1
7900,1
2766,1
9130,1
6470,1
9161,1
3989,1
1849,1
6952,1
2346,1
8130,1
3226,1
5328,1
7970,1
7626,1
6193,1
6946,1
3997,1
2474,1
2177,1
4565,1
5927,1
2012,1
3976,1
8373,1
8813,1
9166,1
493,1
8291,1
3319,1
845,1
5992,1
83,1
3423,1
8566,1
5316,1
9429,1
9570,1
9023,1
5948,1
4807,1
1191,1
185,1
1084,1
9019,1
7829,1
3111,1
5729,1
7397,1
4377,1
4137,1
6566,1
2477,1
8889,1
837,1
2254,1
7483,1
907,1
3568,1
4815,1
3827,1
1056,1
6538,1
6383,1
6714,1
464,1
3035,1
4066,1
8602,1
4518,1
4086,1
4385,1
7474,1
4585,1
6786,1
5568,1
5355,1
8844,1
8126,1
1010,1
2344,1
5924,1
4415,1
3091,1
6361,1
6898,1
4723,1
751,1
1961,1
1483,1
1400,1
9649,1
7102,1
9655,1
518,1
7849,1
7443,1
5505,1
895,1
3070,1
728,1
9794,1
764,1
1613,1
5580,1
4329,1
5728,1
3453,1
3473,1
9500,1
4456,1
1663,1
8377,1
8087,1
1635,1
1001,1
8026,1
6268,1
788,1
7056,1
4465,1
1618,1
9236,1
5083,1
9309,1
4531,1
1022,1
9688,1
214,1
9108,1
2622,1
706,1
7151,1
5405,1
6711,1
1047,1
662,1
7481,1
7189,1
8350,1
226,1
4507,1
9285,1
7419,1
1066,1
4940,1
3107,1
9196,1
2727,1
6444,1
5260,1
6774,1
5360,1
3669,1
9885,1
8360,1
219,1
1289,1
7303,1
7465,1
5380,1
4899,1
3825,1
3254,1
1029,1
7528,1
1807,1
5121,1
2778,1
7489,1
889,1
4442,1
9987,1
1274,1
5489,1
7938,1
1374,1
3594,1
9942,1
5134,1
2266,1
9136,1
9548,1
244,1
912,1
2420,1
4499,1
4077,1
855,1
2715,1
2327,1
5140,1
8931,1
9814,1
9919,1
7584,1
694,1
1007,1
5631,1
8225,1
7223,1
2482,1
2195,1
796,1
7033,1
7088,1
5676,1
1875,1
892,1
9858,1
1189,1
809,1
9740,1
8752,1
2093,1
3826,1
5118,1
2278,1
271,1
2492,1
7150,1
2954,1
8509,1
9588,1
7196,1
1541,1
4564,1
1218,1
4900,1
2840,1
6077,1
3576,1
2859,1
1406,1
7781,1
4931,1
5235,1
3429,1
7581,1
7372,1
9049,1
1348,1
3986,1
7431,1
1123,1
2342,1
9491,1
4634,1
7871,1
6220,1
5477,1
6462,1
3912,1
8269,1
9401,1
6065,1
6592,1
9823,1
8088,1
5449,1
2700,1
9274,1
9731,1
7467,1
1458,1
1817,1
903,1
2657,1
7537,1
1963,1
8492,1
9754,1
671,1
7071,1
6418,1
3611,1
5399,1
9096,1
7241,1
6186,1
4600,1
5149,1
5212,1
4779,1
7936,1
5922,1
6661,1
9899,1
3963,1
9651,1
5201,1
767,1
6595,1
5733,1
362,1
3539,1
2134,1
7753,1
1366,1
4457,1
5361,1
8108,1
8006,1
8200,1
721,1
1435,1
246,1
9177,1
242,1
3054,1
6190,1
2358,1
1821,1
8429,1
182,1
7091,1
3961,1
8010,1
5641,1
5454,1
3883,1
4834,1
5670,1
9143,1
2372,1
6744,1
2417,1
9918,1
1987,1
7082,1
8900,1
1902,1
5966,1
3470,1
9603,1
3432,1
6347,1
9796,1
9264,1
922,1
4071,1
6487,1
9245,1
3428,1
3162,1
2353,1
505,1
8500,1
1325,1
1171,1
9711,1
7454,1
3605,1
2835,1
93,1
5714,1
5293,1
7860,1
8603,1
7553,1
7265,1
1607,1
9875,1
5230,1
1861,1
8229,1
7967,1
2072,1
1574,1
3113,1
2440,1
2546,1
91,1
1330,1
7411,1
7080,1
58,1
8097,1
638,1
3240,1
1668,1
3872,1
8870,1
1275,1
2676,1
5526,1
8267,1
1233,1
5709,1
1120,1
6987,1
9766,1
9864,1
3563,1
2603,1
4005,1
8053,1
7019,1
4402,1
8592,1
2815,1
8998,1
3500,1
5151,1
8309,1
9730,1
167,1
3620,1
7355,1
3796,1
75,1
1912,1
7347,1
6306,1
5750,1
3449,1
489,1
2125,1
6211,1
86,1
6237,1
229,1
838,1
6157,1
8218,1
3094,1
2986,1
4280,1
3814,1
5658,1
8995,1
2448,1
9378,1
3077,1
2089,1
2265,1
3766,1
4296,1
5002,1
816,1
9392,1
1309,1
2216,1
5585,1
8112,1
5225,1
7787,1
603,1
3529,1
8289,1
2787,1
7165,1
9003,1
7557,1
7235,1
827,1
1067,1
6415,1
1682,1
504,1
4116,1
305,1
2952,1
409,1
8001,1
9018,1
4356,1
2838,1
1126,1
3846,1
3112,1
3724,1
9004,1
3456,1
731,1
2174,1
8433,1
3875,1
1835,1
281,1
7749,1
4568,1
4516,1
3711,1
8793,1
5042,1
7286,1
7008,1
803,1
6875,1
5661,1
6419,1
7117,1
1600,1
4971,1
4043,1
7208,1
8514,1
6144,1
51,1
345,1
6424,1
1127,1
5148,1
287,1
6788,1
3930,1
4386,1
946,1
1113,1
4268,1
8671,1
6609,1
8962,1
6836,1
6810,1
2598,1
3924,1
4591,1
2491,1
6993,1
2308,1
4540,1
5792,1
4136,1
6099,1
8919,1
8990,1
7351,1
4342,1
8082,1
8636,1
385,1
5029,1
754,1
6897,1
7872,1
3495,1
2917,1
9404,1
4480,1
9193,1
6128,1
8533,1
9095,1
9276,1
8102,1
9669,1
7670,1
4637,1
556,1
4394,1
4680,1
7760,1
1832,1
497,1
3792,1
3002,1
3509,1
8317,1
9733,1
2822,1
3485,1
6184,1
2418,1
9902,1
5369,1
9026,1
4491,1
8347,1
8834,1
4664,1
3988,1
5960,1
5667,1
2010,1
6731,1
3154,1
1926,1
5634,1
9870,1
1973,1
3475,1
3294,1
1982,1
5318,1
7525,1
1488,1
5713,1
1777,1
1044,1
7194,1
4249,1
7022,1
5343,1
6757,1
1524,1
306,1
5004,1
7459,1
4929,1
5957,1
8418,1
4265,1
3424,1
1531,1
2561,1
1470,1
7513,1
5846,1
5695,1
3869,1
574,1
6796,1
5484,1
4256,1
3722,1
5723,1
441,1
5576,1
1311,1
9239,1
847,1
1408,1
5694,1
7332,1
3759,1
3478,1
6335,1
4510,1
1125,1
3104,1
2049,1
1276,1
934,1
2818,1
9584,1
4025,1
4041,1
2128,1
9427,1
142,1
5539,1
2776,1
8476,1
9205,1
7025,1
5891,1
722,1
9762,1
5590,1
1800,1
683,1
4502,1
1850,1
6662,1
1121,1
8976,1
4391,1
3233,1
9040,1
6746,1
5161,1
1785,1
6839,1
2736,1
1516,1
5772,1
640,1
6771,1
9821,1
5715,1
1842,1
1760,1
7869,1
9611,1
6296,1
4246,1
4170,1
1626,1
3592,1
6649,1
8244,1
1332,1
4154,1
4002,1
9379,1
5421,1
3718,1
8528,1
6289,1
1586,1
7163,1
6529,1
6080,1
7302,1
6084,1
7346,1
8991,1
5636,1
9910,1
2434,1
1719,1
7725,1
3147,1
4409,1
2232,1
4912,1
1592,1
6252,1
2764,1
5866,1
416,1
2771,1
7307,1
3712,1
5342,1
8481,1
9819,1
2958,1
7113,1
3698,1
8325,1
8643,1
9451,1
11,1
8691,1
1445,1
795,1
9137,1
1228,1
2464,1
1536,1
2141,1
2592,1
6815,1
6906,1
4242,1
4112,1
4336,1
3101,1
9218,1
4738,1
9397,1
8950,1
8883,1
5462,1
1984,1
8527,1
9403,1
9682,1
2847,1
3801,1
7805,1
3528,1
1621,1
6559,1
8560,1
6544,1
3728,1
7652,1
4630,1
2803,1
3480,1
7213,1
4190,1
2665,1
1424,1
3221,1
1951,1
9835,1
9116,1
3556,1
6519,1
6637,1
3477,1
8472,1
2209,1
4255,1
8916,1
7172,1
2251,1
1060,1
3025,1
3945,1
4081,1
9455,1
2534,1
6859,1
546,1
1943,1
3505,1
3695,1
2853,1
6373,1
1146,1
9139,1
4381,1
9053,1
6894,1
1532,1
3772,1
2726,1
391,1
3349,1
1931,1
4143,1
7159,1
421,1
1938,1
9544,1
9033,1
7491,1
3689,1
3831,1
3561,1
6745,1
3979,1
941,1
2084,1
1185,1
218,1
5855,1
8975,1
5538,1
3488,1
9816,1
6119,1
3774,1
4676,1
2429,1
6607,1
6440,1
1601,1
4978,1
263,1
3237,1
5952,1
115,1
8856,1
3957,1
5259,1
1160,1
2173,1
8036,1
2487,1
9396,1
592,1
9302,1
9134,1
639,1
6877,1
3040,1
2018,1
9905,1
1796,1
5066,1
1373,1
8977,1
8094,1
9745,1
5430,1
9375,1
6697,1
7634,1
5420,1
7140,1
3436,1
1589,1
6847,1
8964,1
4934,1
7841,1
9889,1
2574,1
1188,1
5132,1
7909,1
7507,1
432,1
4310,1
1040,1
7994,1
5880,1
404,1
5448,1
8416,1
3012,1
6342,1
7756,1
6568,1
636,1
4030,1
7382,1
1886,1
5018,1
2505,1
5848,1
5310,1
1343,1
4800,1
5104,1
3995,1
9556,1
7955,1
301,1
8439,1
3381,1
5401,1
4532,1
5233,1
1486,1
4707,1
3329,1
6558,1
8705,1
455,1
2535,1
8313,1
2493,1
9179,1
1129,1
3619,1
9387,1
9683,1
742,1
5229,1
508,1
9135,1
4709,1
8704,1
3161,1
1317,1
4857,1
2620,1
2415,1
6002,1
316,1
82,1
7316,1
8913,1
2204,1
2149,1
9252,1
9122,1
3767,1
9635,1
3777,1
4367,1
874,1
6659,1
7183,1
8985,1
1678,1
9080,1
227,1
7435,1
9680,1
7094,1
6029,1
7278,1
5138,1
7439,1
4726,1
3005,1
1273,1
4094,1
9263,1
3110,1
1095,1
440,1
7394,1
4746,1
283,1
6473,1
1345,1
620,1
5988,1
5752,1
8657,1
9924,1
6527,1
949,1
4766,1
2627,1
5637,1
2029,1
5503,1
2646,1
2739,1
6639,1
9865,1
3106,1
5617,1
4635,1
6765,1
4778,1
9542,1
7824,1
7026,1
3272,1
3023,1
8763,1
2315,1
8496,1
7923,1
3650,1
3542,1
4368,1
6525,1
8758,1
5859,1
7447,1
3044,1
9619,1
6109,1
601,1
9851,1
4295,1
4426,1
5573,1
1560,1
3640,1
2435,1
9692,1
3452,1
7220,1
7927,1
5936,1
3081,1
2669,1
4076,1
3304,1
6070,1
8241,1
502,1
1791,1
9117,1
9230,1
9152,1
211,1
8909,1
9738,1
2449,1
7391,1
5818,1
1898,1
5623,1
8424,1
6071,1
8358,1
1413,1
3402,1
4298,1
8470,1
3029,1
4713,1
5178,1
8839,1
5103,1
1069,1
7803,1
1124,1
9569,1
2219,1
8016,1
2163,1
247,1
6522,1
3566,1
7675,1
1074,1
898,1
6235,1
5783,1
4611,1
3215,1
4384,1
1166,1
2392,1
56,1
6103,1
630,1
9687,1
5853,1
5237,1
6974,1
2999,1
6702,1
53,1
840,1
9525,1
6463,1
931,1
2007,1
4606,1
8124,1
7,1
5509,1
6495,1
9209,1
8489,1
1784,1
3842,1
3458,1
3027,1
7526,1
7259,1
2032,1
4541,1
1740,1
2181,1
3280,1
277,1
5391,1
2928,1
6909,1
7842,1
3320,1
8828,1
787,1
7267,1
3938,1
5530,1
8852,1
9539,1
2011,1
1375,1
913,1
9551,1
9892,1
6834,1
2747,1
4848,1
9175,1
9277,1
5026,1
191,1
1232,1
5109,1
7859,1
9412,1
371,1
4080,1
4861,1
3606,1
3186,1
7322,1
8271,1
5604,1
6392,1
170,1
3225,1
7810,1
5839,1
921,1
5319,1
1393,1
7980,1
9722,1
6048,1
2211,1
9707,1
6841,1
3684,1
2733,1
9430,1
687,1
6202,1
1248,1
6183,1
6805,1
3637,1
5324,1
3789,1
8833,1
8823,1
4588,1
4769,1
1466,1
2065,1
102,1
8716,1
3487,1
8135,1
7024,1
4678,1
1934,1
670,1
3889,1
4894,1
5519,1
3554,1
8563,1
8778,1
589,1
1623,1
3893,1
777,1
5255,1
2246,1
1667,1
8204,1
4917,1
7845,1
5911,1
6168,1
9280,1
9698,1
5314,1
9523,1
4791,1
4380,1
4075,1
5743,1
2191,1
9437,1
623,1
8548,1
2103,1
4119,1
4624,1
1909,1
6223,1
6172,1
3968,1
2350,1
7058,1
7253,1
8064,1
2161,1
9453,1
1032,1
251,1
7574,1
5307,1
2025,1
2169,1
9879,1
6984,1
4701,1
6833,1
2814,1
9758,1
7011,1
9933,1
1697,1
8168,1
3761,1
8304,1
3706,1
7304,1
7801,1
3557,1
900,1
7598,1
9718,1
5680,1
9900,1
4035,1
9334,1
7723,1
8389,1
7228,1
1855,1
2581,1
4858,1
348,1
8774,1
5476,1
4724,1
9601,1
4419,1
6250,1
6429,1
4983,1
4302,1
5506,1
9077,1
9269,1
5653,1
4485,1
7255,1
6090,1
5326,1
77,1
2242,1
8740,1
4933,1
3183,1
1059,1
9335,1
9746,1
1913,1
9748,1
3652,1
9094,1
7446,1
3465,1
9854,1
8255,1
4361,1
4999,1
6878,1
2401,1
7918,1
8894,1
8836,1
5827,1
1281,1
1320,1
6304,1
7601,1
8897,1
1449,1
7318,1
3673,1
2121,1
8438,1
819,1
22,1
9639,1
2896,1
9787,1
6941,1
7039,1
7205,1
5537,1
3636,1
8458,1
5438,1
1363,1
4582,1
1414,1
1579,1
5603,1
8037,1
9916,1
6346,1
1738,1
7392,1
6827,1
402,1
4945,1
644,1
4625,1
3191,1
6398,1
8685,1
5350,1
911,1
9841,1
6778,1
7887,1
8905,1
7508,1
8122,1
2066,1
2683,1
4856,1
1819,1
1916,1
4427,1
2365,1
4573,1
6809,1
9984,1
4319,1
9310,1
7066,1
3194,1
6215,1
16,1
5677,1
7637,1
557,1
600,1
6777,1
2690,1
6983,1
9356,1
3623,1
8192,1
2915,1
6485,1
2200,1
7250,1
3790,1
5098,1
5685,1
490,1
7701,1
7337,1
3985,1
5394,1
7367,1
4854,1
6256,1
153,1
9331,1
8047,1
1969,1
5262,1
8801,1
5876,1
103,1
2819,1
7314,1
5985,1
5861,1
339,1
2167,1
4406,1
2394,1
9908,1
7609,1
4231,1
4135,1
9906,1
3032,1
729,1
2302,1
3552,1
238,1
559,1
2658,1
9313,1
8577,1
1039,1
5445,1
4079,1
5189,1
5245,1
880,1
2812,1
7654,1
973,1
9107,1
5434,1
3841,1
5214,1
4670,1
8484,1
6041,1
5990,1
2864,1
325,1
6814,1
808,1
8452,1
1558,1
3328,1
7558,1
672,1
5737,1
9809,1
4413,1
8061,1
4179,1
7662,1
2839,1
6414,1
5345,1
7034,1
6093,1
8293,1
9391,1
9282,1
2527,1
1401,1
9002,1
1676,1
107,1
2009,1
9479,1
189,1
3375,1
6905,1
9671,1
9496,1
8771,1
194,1
3666,1
9893,1
9512,1
3746,1
2215,1
2233,1
2083,1
1732,1
2663,1
8116,1
4788,1
2319,1
9102,1
259,1
3031,1
7456,1
4977,1
4822,1
4221,1
5786,1
9071,1
6738,1
587,1
4580,1
4370,1
657,1
8789,1
2817,1
6324,1
7227,1
3350,1
4751,1
3785,1
1271,1
2843,1
4698,1
8960,1
4798,1
4683,1
7716,1
6635,1
4880,1
8497,1
3779,1
3899,1
530,1
7732,1
5516,1
7310,1
3922,1
208,1
5978,1
1464,1
4038,1
9855,1
7762,1
3307,1
5275,1
7404,1
8110,1
6445,1
5136,1
1222,1
3907,1
6422,1
9305,1
1620,1
6636,1
7916,1
6244,1
8750,1
9303,1
267,1
8545,1
5717,1
19,1
6104,1
4059,1
4376,1
6770,1
2367,1
2980,1
860,1
753,1
1404,1
7349,1
3844,1
2889,1
5488,1
1503,1
3508,1
5172,1
6121,1
5070,1
9270,1
3212,1
4206,1
5895,1
9148,1
3993,1
5303,1
1540,1
5757,1
7738,1
3343,1
9973,1
2696,1
4034,1
879,1
8719,1
4544,1
1112,1
3446,1
7341,1
1851,1
5553,1
1925,1
8567,1
1164,1
6213,1
4230,1
6890,1
9428,1
2256,1
5801,1
8639,1
700,1
3596,1
4070,1
6701,1
6357,1
4809,1
6420,1
1598,1
8523,1
10,1
1839,1
5635,1
4910,1
4153,1
6937,1
173,1
437,1
8937,1
6811,1
2651,1
6828,1
9447,1
7289,1
5385,1
2982,1
1005,1
5781,1
510,1
4227,1
9929,1
4048,1
8739,1
4151,1
1308,1
2143,1
5141,1
5021,1
9376,1
3386,1
5510,1
6720,1
9365,1
1244,1
4840,1
6982,1
5379,1
1827,1
667,1
5944,1
7853,1
9030,1
6038,1
4965,1
5193,1
1353,1
621,1
5264,1
3017,1
9966,1
3269,1
9235,1
5372,1
5934,1
3686,1
8295,1
8219,1
9604,1
9132,1
7831,1
6594,1
2976,1
5052,1
3514,1
4447,1
8471,1
9324,1
842,1
6323,1
7371,1
8596,1
5549,1
44,1
1283,1
7493,1
7596,1
2519,1
1046,1
5754,1
4594,1
3918,1
7100,1
658,1
7343,1
1463,1
3412,1
1696,1
698,1
8482,1
7270,1
6253,1
8696,1
400,1
9084,1
355,1
615,1
2290,1
1495,1
1929,1
7247,1
6062,1
1881,1
8831,1
6843,1
5518,1
7020,1
779,1
583,1
4111,1
8688,1
8396,1
3702,1
9797,1
9808,1
8764,1
9017,1
6784,1
8911,1
7919,1
6502,1
4085,1
6904,1
9709,1
6541,1
5057,1
4538,1
6441,1
3139,1
1234,1
1662,1
7692,1
4789,1
8356,1
1836,1
1683,1
6767,1
6742,1
545,1
1793,1
6862,1
2742,1
97,1
309,1
8284,1
2891,1
3992,1
7044,1
6740,1
1448,1
5461,1
467,1
2115,1
9472,1
1584,1
6259,1
4467,1
4357,1
6302,1
8521,1
9956,1
2568,1
2704,1
3908,1
8650,1
8115,1
2867,1
8824,1
4334,1
641,1
8600,1
9005,1
3072,1
206,1
3149,1
166,1
1231,1
1806,1
1847,1
6439,1
2431,1
2503,1
5422,1
1792,1
9031,1
3109,1
1939,1
2758,1
8580,1
9541,1
9880,1
8557,1
4741,1
2624,1
8875,1
3678,1
9553,1
2104,1
8338,1
335,1
6622,1
3951,1
6735,1
1813,1
3373,1
3293,1
8261,1
8408,1
217,1
3625,1
2802,1
8635,1
8749,1
3794,1
2551,1
5195,1
5605,1
5129,1
8072,1
4960,1
6725,1
6275,1
8421,1
8815,1
2213,1
9990,1
1227,1
1327,1
6972,1
8399,1
9517,1
2718,1
1023,1
6580,1
4335,1
6056,1
1052,1
6273,1
3442,1
2441,1
8958,1
5905,1
9739,1
1699,1
4090,1
2090,1
4270,1
6901,1
5162,1
2112,1
9869,1
7568,1
5602,1
3886,1
9511,1
337,1
5444,1
5446,1
2680,1
7099,1
2751,1
1246,1
3357,1
1522,1
781,1
951,1
4715,1
3491,1
2743,1
5567,1
1286,1
3285,1
6037,1
31,1
7718,1
3383,1
3224,1
9994,1
3248,1
9380,1
3303,1
893,1
4539,1
741,1
3127,1
5208,1
7093,1
1131,1
6026,1
6089,1
6007,1
5622,1
4896,1
1489,1
8987,1
1367,1
6969,1
1167,1
5646,1
8442,1
3276,1
1930,1
6359,1
6180,1
9281,1
6996,1
8425,1
1017,1
5931,1
1686,1
4947,1
4397,1
9146,1
276,1
5384,1
1065,1
4471,1
3953,1
2921,1
3824,1
1344,1
478,1
3674,1
6436,1
676,1
7545,1
7448,1
5689,1
7713,1
8232,1
631,1
4688,1
2466,1
5023,1
3457,1
2468,1
1342,1
1891,1
9417,1
5842,1
8159,1
9519,1
8890,1
39,1
2409,1
9416,1
1073,1
8430,1
4194,1
7023,1
6888,1
3450,1
9202,1
9436,1
4036,1
7052,1
1767,1
6892,1
5851,1
3533,1
6950,1
7898,1
3735,1
3591,1
8979,1
5058,1
9831,1
4603,1
945,1
7759,1
3768,1
5989,1
6597,1
8674,1
6059,1
3975,1
8721,1
1828,1
8077,1
7999,1
3063,1
7048,1
4395,1
7458,1
7317,1
3553,1
8448,1
3164,1
2210,1
7812,1
5666,1
6385,1
3763,1
4722,1
2698,1
5571,1
2095,1
917,1
1487,1
1911,1
3464,1
6605,1
3613,1
8724,1
1051,1
1559,1
1535,1
3538,1
6147,1
984,1
6563,1
9775,1
3223,1
1140,1
7735,1
3688,1
1204,1
1225,1
8728,1
6019,1
4044,1
1958,1
637,1
1452,1
3020,1
9845,1
8127,1
7352,1
1459,1
3217,1
3833,1
2351,1
5625,1
7030,1
1704,1
3603,1
8474,1
8731,1
9279,1
9802,1
2962,1
8822,1
3617,1
2478,1
5769,1
6238,1
2495,1
1670,1
2823,1
715,1
7876,1
6078,1
1942,1
2423,1
3242,1
1546,1
5386,1
6345,1
4938,1
6590,1
6150,1
7840,1
1597,1
9685,1
1334,1
6024,1
8311,1
2321,1
1347,1
5433,1
7191,1
2325,1
3978,1
1876,1
9799,1
5918,1
5582,1
4309,1
7516,1
7833,1
9289,1
2509,1
3501,1
4217,1
7137,1
7911,1
6620,1
7406,1
2008,1
9734,1
947,1
9610,1
8695,1
3651,1
9812,1
2635,1
8375,1
1867,1
1749,1
7424,1
4671,1
5263,1
8276,1
4115,1
1501,1
9597,1
4033,1
8613,1
4202,1
8140,1
9636,1
1257,1
835,1
6042,1
8575,1
8757,1
9647,1
1895,1
6989,1
9727,1
5479,1
8942,1
5475,1
633,1
5147,1
4278,1
9158,1
7109,1
3146,1
3377,1
8447,1
6646,1
5587,1
1042,1
3288,1
3685,1
3743,1
3192,1
5044,1
336,1
3855,1
328,1
417,1
7948,1
6949,1
5478,1
3944,1
1485,1
4646,1
4648,1
4732,1
2463,1
4279,1
6990,1
5011,1
935,1
5844,1
5512,1
7134,1
4159,1
4232,1
8689,1
7202,1
9283,1
6903,1
8816,1
7412,1
3751,1
6851,1
5838,1
3228,1
4354,1
1369,1
4114,1
8993,1
6587,1
6640,1
8296,1
7961,1
299,1
8411,1
6428,1
9098,1
9587,1
18,1
543,1
2339,1
7408,1
848,1
2916,1
1405,1
3923,1
5423,1
3931,1
8803,1
2644,1
6562,1
6729,1
4986,1
1269,1
1021,1
1781,1
6318,1
3725,1
1133,1
963,1
4796,1
2198,1
7122,1
6650,1
9337,1
5383,1
3656,1
7582,1
5863,1
6691,1
2970,1
180,1
9393,1
4559,1
8133,1
4990,1
7736,1
9838,1
6008,1
6747,1
7219,1
3289,1
6217,1
3854,1
6449,1
3200,1
5153,1
2314,1
6197,1
4543,1
303,1
5203,1
1673,1
5501,1
4072,1
2240,1
807,1
659,1
6291,1
7974,1
6354,1
8851,1
3309,1
2541,1
7881,1
7401,1
9090,1
7028,1
9506,1
5983,1
7409,1
2279,1
6825,1
3441,1
3905,1
8593,1
3551,1
5869,1
6312,1
4534,1
1371,1
350,1
8904,1
4469,1
8166,1
6821,1
2159,1
6456,1
5843,1
8294,1
2949,1
151,1
4369,1
1734,1
3599,1
4152,1
2938,1
9338,1
2555,1
7476,1
6265,1
6255,1
8668,1
2533,1
8152,1
5247,1
7550,1
6665,1
1480,1
8626,1
6536,1
1657,1
9295,1
9849,1
152,1
8062,1
9200,1
2214,1
9097,1
3347,1
3153,1
1679,1
5996,1
5632,1
8886,1
358,1
569,1
2961,1
8460,1
7252,1
9149,1
3494,1
5956,1
3622,1
4243,1
1726,1
1212,1
4523,1
3664,1
1004,1
2641,1
1430,1
4045,1
9729,1
7042,1
7655,1
9106,1
1698,1
4944,1
1358,1
9773,1
9431,1
1872,1
7006,1
697,1
8742,1
627,1
6032,1
7543,1
2735,1
977,1
3087,1
2318,1
4399,1
4494,1
3850,1
7190,1
4953,1
4483,1
9488,1
7272,1
7274,1
1804,1
755,1
6280,1
5845,1
1711,1
7106,1
1082,1
8697,1
597,1
3517,1
2311,1
5106,1
2385,1
5187,1
1946,1
8949,1
1427,1
2001,1
8049,1
3701,1
445,1
2907,1
1438,1
5633,1
3201,1
8005,1
6798,1
2973,1
512,1
3435,1
8382,1
7688,1
7047,1
1481,1
4877,1
9782,1
6812,1
7951,1
8797,1
6325,1
2500,1
2037,1
3662,1
4868,1
7036,1
8007,1
8845,1
5040,1
7509,1
436,1
6929,1
8494,1
9790,1
2904,1
3621,1
9001,1
9852,1
2888,1
9061,1
2087,1
7321,1
8339,1
8333,1
6838,1
8653,1
7622,1
9463,1
1149,1
6844,1
5389,1
8850,1
2424,1
1025,1
164,1
4804,1
7204,1
6437,1
3298,1
9826,1
1107,1
7778,1
9999,1
5366,1
5105,1
1751,1
3134,1
2525,1
4505,1
6187,1
1695,1
8070,1
470,1
9961,1
5701,1
3482,1
9751,1
9944,1
4063,1
3100,1
3142,1
3244,1
1354,1
6413,1
1219,1
5533,1
1720,1
1594,1
7939,1
9241,1
2276,1
6579,1
3345,1
8035,1
3793,1
81,1
4811,1
2124,1
1441,1
1145,1
1747,1
7629,1
1243,1
1937,1
9329,1
6600,1
3982,1
7800,1
2858,1
5738,1
7836,1
3633,1
3388,1
1229,1
5515,1
2399,1
4841,1
4691,1
4225,1
6085,1
2333,1
9909,1
4464,1
4229,1
4013,1
9801,1
2846,1
6170,1
7433,1
5458,1
4972,1
2379,1
3901,1
4365,1
2681,1
8239,1
9085,1
7072,1
8069,1
2774,1
2979,1
5828,1
7217,1
3403,1
6850,1
8341,1
2691,1
8363,1
8079,1
5547,1
3308,1
280,1
8340,1
3693,1
9296,1
8172,1
7496,1
1983,1
3138,1
6884,1
695,1
8522,1
9659,1
418,1
9741,1
9743,1
4632,1
8735,1
9394,1
7653,1
435,1
1288,1
8400,1
2590,1
7737,1
6039,1
4961,1
105,1
3103,1
944,1
5907,1
8920,1
6402,1
8335,1
6734,1
2971,1
3536,1
8368,1
1652,1
9557,1
207,1
2542,1
5790,1
5597,1
2230,1
8371,1
2596,1
6565,1
4141,1
5001,1
8142,1
3379,1
8796,1
9469,1
3034,1
8733,1
5564,1
7281,1
2653,1
2660,1
6021,1
8769,1
3015,1
6013,1
8205,1
4514,1
3016,1
3595,1
6551,1
5416,1
6509,1
2160,1
6503,1
5961,1
3654,1
9798,1
8802,1
2479,1
5841,1
7874,1
3562,1
6467,1
2585,1
5155,1
4272,1
5041,1
1650,1
6457,1
5616,1
5051,1
3211,1
9249,1
69,1
4218,1
4098,1
3060,1
1417,1
2906,1
368,1
5659,1
693,1
8955,1
7385,1
5588,1
4373,1
9977,1
1860,1
2422,1
3589,1
8210,1
8798,1
8345,1
3897,1
5257,1
84,1
2113,1
6017,1
3430,1
1013,1
4592,1
2626,1
5436,1
7809,1
7814,1
3460,1
3085,1
9010,1
2868,1
6817,1
5980,1
1689,1
955,1
9265,1
5760,1
6717,1
4519,1
9316,1
8644,1
2730,1
7808,1
2722,1
6706,1
9550,1
9962,1
8899,1
5887,1
7532,1
5113,1
8882,1
3729,1
9288,1
2454,1
3352,1
9300,1
3454,1
1493,1
3168,1
8971,1
9104,1
9582,1
9272,1
7327,1
9065,1
2536,1
7959,1
4200,1
9323,1
8013,1
682,1
8099,1
304,1
5939,1
3546,1
7300,1
5271,1
4018,1
877,1
3315,1
4893,1
3941,1
1548,1
8591,1
375,1
3641,1
1666,1
1194,1
3282,1
7087,1
7554,1
776,1
4444,1
5648,1
5762,1
257,1
513,1
1494,1
9805,1
738,1
6612,1
2024,1
3719,1
9847,1
2045,1
7063,1
759,1
8454,1
2207,1
7877,1
8158,1
5250,1
7868,1
7678,1
4420,1
7998,1
5618,1
3861,1
5014,1
964,1
9347,1
245,1
94,1
498,1
3858,1
2393,1
7417,1
3506,1
3451,1
7671,1
9524,1
4901,1
4360,1
5932,1
8755,1
7290,1
7269,1
4802,1
7418,1
9173,1
4258,1
691,1
5935,1
1071,1
7176,1
7046,1
4970,1
3239,1
8436,1
6031,1
3411,1
1779,1
9092,1
2110,1
453,1
1159,1
8248,1
7674,1
2512,1
3439,1
6115,1
3929,1
4654,1
6988,1
8918,1
5494,1
5746,1
9897,1
9606,1
4631,1
278,1
2094,1
9940,1
1252,1
5481,1
5144,1
4992,1
987,1
6535,1
5431,1
3336,1
9598,1
5019,1
5321,1
7232,1
8573,1
925,1
9070,1
4849,1
8298,1
6286,1
6047,1
5678,1
3733,1
8893,1
3787,1
3010,1
5061,1
2775,1
6842,1
1298,1
3018,1
1250,1
379,1
461,1
1950,1
9369,1
9258,1
6313,1
132,1
6036,1
1768,1
2205,1
7991,1
8863,1
5325,1
5306,1
4101,1
9332,1
6331,1
1220,1
5459,1
1105,1
2003,1
6546,1
7155,1
1556,1
2375,1
2709,1
4859,1
7098,1
8144,1
6258,1
739,1
5251,1
4806,1
1230,1
865,1
7386,1
6963,1
1416,1
539,1
1043,1
7236,1
2549,1
2667,1
5032,1
7956,1
2933,1
2984,1
5455,1
9856,1
6741,1
7256,1
5000,1
9028,1
3132,1
7405,1
7500,1
8808,1
8457,1
9535,1
5787,1
7899,1
6555,1
7897,1
4062,1
9421,1
266,1
9228,1
1979,1
1816,1
373,1
6000,1
6246,1
4207,1
165,1
3921,1
1897,1
1211,1
274,1
3378,1
1041,1
8814,1
6573,1
2504,1
5984,1
6454,1
9126,1
155,1
4765,1
4968,1
5135,1
1420,1
3363,1
7462,1
9207,1
199,1
4390,1
4307,1
2068,1
9029,1
8597,1
4959,1
2894,1
157,1
9151,1
2217,1
137,1
1390,1
1267,1
3189,1
6790,1
5079,1
26,1
2162,1
8692,1
3530,1
9111,1
5730,1
72,1
2784,1
2046,1
7298,1
2706,1
3461,1
5800,1
2363,1
7647,1
5991,1
5006,1
3852,1
9640,1
125,1
4366,1
4155,1
1974,1
7344,1
7942,1
6964,1
4930,1
743,1
2227,1
6411,1
3510,1
6887,1
6164,1
9481,1
679,1
7573,1
6615,1
7146,1
9788,1
6845,1
4552,1
9907,1
4441,1
2583,1
5560,1
8865,1
5456,1
8055,1
2639,1
5017,1
5612,1
1360,1
4537,1
1953,1
8314,1
4121,1
8137,1
331,1
1550,1
570,1
4866,1
4736,1
5687,1
9423,1
2248,1
5724,1
8052,1
5967,1
297,1
2324,1
3754,1
9954,1
6200,1
5219,1
5352,1
3999,1
3234,1
8477,1
2548,1
2229,1
7794,1
4873,1
272,1
1741,1
8342,1
656,1
9368,1
5696,1
5469,1
1411,1
2591,1
8694,1
4675,1
2745,1
8008,1
5335,1
8030,1
896,1
2618,1
5903,1
858,1
8615,1
9547,1
2373,1
6332,1
7819,1
6351,1
3648,1
6549,1
3647,1
2609,1
4186,1
3933,1
5837,1
2126,1
2183,1
5626,1
4440,1
141,1
7396,1
5963,1
9384,1
392,1
7997,1
7982,1
2389,1
8054,1
2122,1
8060,1
6481,1
1629,1
7472,1
5367,1
8819,1
7599,1
2959,1
680,1
341,1
4497,1
7226,1
5556,1
8655,1
9222,1
660,1
5028,1
5810,1
1329,1
2201,1
7154,1
7376,1
3499,1
8997,1
7865,1
5074,1
4852,1
3582,1
2895,1
4935,1
7747,1
4416,1
2307,1
7741,1
8027,1
8516,1
3809,1
7984,1
6686,1
5940,1
8652,1
6198,1
9355,1
4855,1
7856,1
6560,1
197,1
5688,1
6113,1
4429,1
794,1
7049,1
653,1
3638,1
1446,1
8222,1
8251,1
5087,1
8614,1
5112,1
3911,1
7697,1
9118,1
4915,1
5127,1
7776,1
8554,1
9951,1
1771,1
8169,1
2170,1
2992,1
9576,1
4846,1
8520,1
3333,1
1020,1
5847,1
4107,1
737,1
6262,1
3727,1
9110,1
4761,1
9086,1
3193,1
7029,1
8690,1
8187,1
6864,1
3342,1
8259,1
5898,1
3079,1
6231,1
2027,1
1739,1
119,1
4921,1
2801,1
1980,1
89,1
2572,1
799,1
866,1
4823,1
4032,1
7375,1
8945,1
665,1
7729,1
9521,1
5403,1
1590,1
1436,1
4245,1
5993,1
5426,1
5119,1
3009,1
8231,1
146,1
1282,1
7403,1
5170,1
856,1
2820,1
4872,1
768,1
4770,1
5629,1
584,1
7635,1
5998,1
5490,1
3297,1
87,1
5027,1
2343,1
3043,1
541,1
1977,1
3694,1
4039,1
7053,1
8465,1
4728,1
4139,1
9314,1
1563,1
785,1
9448,1
9510,1
9229,1
6960,1
4737,1
534,1
5071,1
4069,1
8609,1
5435,1
8150,1
1664,1
3668,1
6651,1
9016,1
4916,1
7181,1
2781,1
3067,1
6209,1
2753,1
2224,1
6369,1
5295,1
9712,1
3255,1
8227,1
4795,1
3078,1
1138,1
8446,1
6685,1
9154,1
8926,1
7107,1
4410,1
3390,1
9408,1
4808,1
2044,1
428,1
1049,1
5583,1
9625,1
4706,1
8381,1
3851,1
3994,1
2451,1
5916,1
7429,1
8667,1
3954,1
3757,1
4163,1
3862,1
8708,1
3710,1
2274,1
4729,1
7665,1
5615,1
2138,1
6292,1
7453,1
130,1
1927,1
8123,1
9949,1
7001,1
3299,1
817,1
360,1
1609,1
724,1
8057,1
5517,1
2371,1
5056,1
1714,1
2280,1
3879,1
7947,1
3334,1
8362,1
818,1
239,1
1858,1
4562,1
1226,1
2484,1
4768,1
9974,1
3137,1
6410,1
1135,1
4987,1
9691,1
2361,1
3387,1
2348,1
1702,1
3348,1
3492,1
3795,1
5586,1
7576,1
9800,1
915,1
6616,1
1109,1
2948,1
1757,1
7361,1
5069,1
3498,1
8431,1
4166,1
5651,1
29,1
158,1
5964,1
5404,1
4140,1
5514,1
972,1
536,1
377,1
4478,1
4874,1
163,1
2501,1
8954,1
260,1
9560,1
3934,1
3274,1
7913,1
6390,1
8211,1
2910,1
1157,1
632,1
2837,1
7707,1
707,1
645,1
3059,1
1442,1
3987,1
9034,1
2091,1
2297,1
8464,1
8686,1
8907,1
9976,1
9719,1
3748,1
5803,1
6773,1
452,1
9389,1
1180,1
8738,1
727,1
2475,1
1201,1
2513,1
4817,1
8544,1
9012,1
5254,1
4981,1
5491,1
954,1
3033,1
4422,1
4871,1
6334,1
1319,1
793,1
5400,1
902,1
5120,1
5975,1
9211,1
7770,1
4123,1
2378,1
666,1
7676,1
1346,1
8031,1
6355,1
6625,1
3056,1
7663,1
2135,1
349,1
3588,1
1152,1
6207,1
6221,1
6433,1
3374,1
5451,1
9772,1
7430,1
3252,1
9069,1
2458,1
8629,1
1995,1
5690,1
6465,1
8297,1
6317,1
1622,1
3074,1
1823,1
1729,1
5774,1
6791,1
9180,1
3868,1
2182,1
2995,1
176,1
652,1
1410,1
291,1
811,1
2871,1
9458,1
110,1
3209,1
7517,1
7291,1
2887,1
3144,1
8186,1
7822,1
564,1
9887,1
9025,1
9878,1
6464,1
8879,1
5013,1
914,1
4275,1
4847,1
9074,1
1453,1
590,1
517,1
7271,1
2021,1
7873,1
5188,1
6943,1
3865,1
8146,1
1462,1
7585,1
7319,1
8966,1
6471,1
8678,1
6681,1
8531,1
9776,1
8539,1
3406,1
3484,1
5744,1
2016,1
2235,1
3065,1
4649,1
1245,1
7444,1
923,1
6514,1
3758,1
7975,1
9262,1
9217,1
9571,1
7695,1
1569,1
6451,1
1403,1
3159,1
8854,1
6139,1
7237,1
8941,1
8095,1
3977,1
116,1
3839,1
9696,1
528,1
7452,1
5037,1
4337,1
2957,1
6208,1
4430,1
9127,1
6647,1
7693,1
863,1
7515,1
7922,1
369,1
7131,1
8599,1
8847,1
7457,1
648,1
7374,1
2196,1
9068,1
3778,1
393,1
9051,1
3818,1
7966,1
6303,1
7142,1
7767,1
6053,1
8128,1
4089,1
8901,1
8405,1
3532,1
4311,1
6567,1
5638,1
8632,1
1786,1
5735,1
7115,1
3798,1
3806,1
7996,1
7201,1
8765,1
5108,1
8873,1
3526,1
9735,1
7158,1
2408,1
6101,1
2102,1
2520,1
9575,1
3042,1
2284,1
4182,1
7514,1
2977,1
9514,1
9267,1
8266,1
9756,1
9642,1
4138,1
9932,1
4173,1
9021,1
8857,1
5697,1
6719,1
6185,1
4782,1
833,1
5357,1
7583,1
5003,1
5211,1
7016,1
1565,1
9344,1
4145,1
1484,1
6204,1
7908,1
3105,1
4503,1
4439,1
4362,1
3125,1
3943,1
4051,1
9054,1
8902,1
7616,1
5048,1
7421,1
1429,1
6329,1
7015,1
5599,1
6499,1
7977,1
9046,1
2026,1
433,1
9876,1
1985,1
4443,1
9273,1
997,1
3609,1
7769,1
4417,1
7639,1
6148,1
3268,1
6138,1
1351,1
5322,1
7368,1
2067,1
9505,1
2419,1
9290,1
1644,1
1530,1
4092,1
6474,1
6282,1
1097,1
2672,1
2382,1
6918,1
2677,1
2038,1
5414,1
2884,1
7246,1
2270,1
2674,1
4180,1
2967,1
7858,1
6022,1
2287,1
8488,1
514,1
6496,1
5492,1
9358,1
3339,1
195,1
5133,1
7222,1
8676,1
2795,1
1788,1
4226,1
8707,1
1794,1
7359,1
7504,1
4980,1
2582,1
5417,1
766,1
1296,1
5884,1
4739,1
8118,1
4315,1
1419,1
109,1
4277,1
7607,1
994,1
5099,1
8478,1
9781,1
9804,1
6133,1
1270,1
4843,1
477,1
1172,1
5351,1
9422,1
8713,1
5711,1
2633,1
4948,1
3738,1
178,1
1476,1
3155,1
7630,1
5169,1
4907,1
6274,1
7103,1
8512,1
8710,1
1242,1
1432,1
5067,1
1062,1
4826,1
5878,1
6916,1
8282,1
7497,1
7358,1
2761,1
7820,1
8869,1
943,1
2711,1
7005,1
234,1
1755,1
5238,1
5704,1
8270,1
5817,1
494,1
4784,1
8656,1
5349,1
7889,1
7442,1
9861,1
5896,1
5197,1
4928,1
1684,1
7130,1
6955,1
939,1
792,1
7498,1
4064,1
2374,1
6526,1
1297,1
7614,1
5593,1
6953,1
1200,1
3326,1
6737,1
5387,1
2693,1
9921,1
2123,1
2945,1
8402,1
5439,1
6939,1
9681,1
205,1
5053,1
8508,1
2433,1
9112,1
8578,1
7294,1
2384,1
2638,1
3118,1
8404,1
8361,1
8067,1
1174,1
2587,1
8009,1
9665,1
8535,1
5081,1
3026,1
9015,1
7949,1
3773,1
9172,1
4251,1
8611,1
6700,1
3860,1
8148,1
7473,1
2625,1
1213,1
3535,1
1945,1
1312,1
870,1
1139,1
5811,1
5813,1
8715,1
6528,1
1315,1
6586,1
7687,1
5142,1
9840,1
3468,1
2069,1
406,1
6599,1
9860,1
7003,1
6396,1
5647,1
9531,1
2336,1
9935,1
5063,1
3253,1
1264,1
1506,1
3853,1
6667,1
3030,1
607,1
7197,1
5748,1
1727,1
8374,1
9457,1
1655,1
4007,1
7153,1
9774,1
8922,1
6893,1
6643,1
1190,1
611,1
2193,1
2860,1
5194,1
8426,1
6947,1
4830,1
6131,1
5116,1
5331,1
3340,1
3610,1
7065,1
2634,1
6271,1
123,1
6934,1
7993,1
5337,1
9626,1
8827,1
8364,1
4844,1
5683,1
4134,1
999,1
689,1
8624,1
9438,1
9874,1
6242,1
5289,1
2259,1
3236,1
4576,1
4557,1
7199,1
2152,1
1753,1
5371,1
6044,1
5231,1
2452,1
7666,1
296,1
3822,1
2070,1
4556,1
5640,1
3667,1
1295,1
2383,1
2789,1
6132,1
4022,1
7301,1
3235,1
9965,1
3163,1
8830,1
396,1
927,1
3086,1
6386,1
5550,1
5559,1
7878,1
1672,1
1512,1
2305,1
5577,1
8647,1
1660,1
5830,1
4639,1
1350,1
6391,1
1361,1
250,1
7764,1
4832,1
9628,1
4924,1
9256,1
1853,1
6174,1
120,1
2185,1
6677,1
6956,1
1475,1
4011,1
6534,1
3516,1
2923,1
8659,1
2071,1
8132,1
9159,1
7004,1
8880,1
8737,1
5570,1
2040,1
6598,1
3932,1
7118,1
9374,1
9866,1
9948,1
2395,1
1158,1
1031,1
9600,1
1365,1
9383,1
4879,1
4016,1
408,1
62,1
4473,1
7763,1
899,1
6243,1
7133,1
8453,1
7329,1
6557,1
9903,1
4144,1
4650,1
7933,1
6269,1
7239,1
4408,1
5858,1
7621,1
529,1
1119,1
3114,1
1962,1
6973,1
675,1
2960,1
4645,1
8346,1
2514,1
5055,1
4306,1
6540,1
8683,1
2518,1
6671,1
7510,1
5304,1
4985,1
1709,1
4261,1
5882,1
9445,1
8096,1
5950,1
6733,1
957,1
9388,1
3925,1
7957,1
1798,1
1256,1
3126,1
2081,1
6951,1
7886,1
4812,1
3587,1
2326,1
9487,1
1608,1
2723,1
3519,1
9663,1
204,1
4460,1
3570,1
5926,1
1904,1
2623,1
3749,1
9654,1
4252,1
5569,1
4461,1
4667,1
7535,1
449,1
4176,1
4792,1
1384,1
503,1
2678,1
5642,1
1750,1
588,1
2734,1
7560,1
8537,1
8455,1
5581,1
7095,1
5460,1
2013,1
3691,1
4790,1
6125,1
2772,1
2098,1
1922,1
9572,1
1572,1
5163,1
5532,1
8841,1
2685,1
7225,1
3286,1
1562,1
6254,1
1471,1
778,1
4301,1
962,1
6227,1
7521,1
2828,1
4292,1
6505,1
7978,1
9186,1
8058,1
3265,1
1801,1
7051,1
6783,1
7745,1
1168,1
3782,1
3980,1
760,1
3881,1
7234,1
4563,1
460,1
6050,1
5123,1
4344,1
8120,1
380,1
3558,1
5261,1
3001,1
3092,1
285,1
3926,1
2496,1
2972,1
6584,1
6944,1
7658,1
2450,1
4750,1
3843,1
4764,1
2528,1
9970,1
3714,1
7549,1
9689,1
462,1
7224,1
6145,1
4484,1
1766,1
4193,1
3965,1
60,1
7436,1
8321,1
3220,1
5534,1
5664,1
8322,1
2453,1
773,1
7410,1
515,1
4583,1
4745,1
7792,1
6152,1
5707,1
4158,1
3608,1
9605,1
6341,1
203,1
2472,1
2002,1
6310,1
5226,1
8983,1
5650,1
6780,1
8914,1
7571,1
6057,1
6260,1
7990,1
8564,1
8091,1
4164,1
7746,1
9952,1
3504,1
8709,1
9670,1
966,1
7383,1
6161,1
7944,1
3419,1
6510,1
5472,1
9789,1
1235,1
3543,1
1063,1
8741,1
2978,1
9863,1
2255,1
6491,1
6705,1
5789,1
7081,1
6820,1
2720,1
4105,1
6423,1
9583,1
399,1
1014,1
6368,1
8063,1
2632,1
4383,1
8723,1
761,1
4284,1
3082,1
8215,1
1892,1
4023,1
8272,1
7597,1
7761,1
7177,1
3281,1
3366,1
3569,1
8220,1
9165,1
4946,1
1076,1
830,1
2564,1
8189,1
4477,1
5981,1
7950,1
2498,1
7798,1
6902,1
5388,1
6226,1
1310,1
8156,1
6450,1
8612,1
6074,1
8751,1
6679,1
6954,1
9791,1
1883,1
68,1
1573,1
1692,1
5999,1
2805,1
7420,1
4773,1
9250,1
2486,1
4963,1
8552,1
4099,1
7710,1
6081,1
5437,1
1402,1
7185,1
8999,1
3135,1
2413,1
4597,1
3574,1
9846,1
894,1
718,1
8561,1
7469,1
3857,1
3805,1
64,1
3358,1
4432,1
7282,1
140,1
2729,1
8183,1
4470,1
3800,1
7425,1
154,1
7677,1
6117,1
8687,1
1253,1
1543,1
5015,1
9201,1
4925,1
30,1
4185,1
9829,1
5652,1
5497,1
8547,1
5594,1
4665,1
7296,1
501,1
3573,1
9989,1
8965,1
3178,1
4343,1
5373,1
5544,1
136,1
9278,1
3835,1
8151,1
1866,1
6830,1
1952,1
2459,1
726,1
8858,1
3036,1
802,1
8023,1
3723,1
5522,1
5814,1
2955,1
4047,1
6715,1
7733,1
2964,1
3602,1
6722,1
2506,1
9822,1
5068,1
5150,1
4418,1
1362,1
7370,1
6713,1
9467,1
4266,1
8681,1
8973,1
352,1
4803,1
552,1
5902,1
6672,1
3958,1
4891,1
4466,1
6629,1
1443,1
681,1
1372,1
5929,1
5511,1
3584,1
5359,1
1323,1
8702,1
7683,1
6985,1
7774,1
9923,1
1688,1
9120,1
2370,1
8637,1
885,1
8932,1
1901,1
1122,1
4952,1
3991,1
6330,1
7381,1
7283,1
4052,1
8329,1
5770,1
6281,1
1940,1
8417,1
42,1
904,1
7684,1
4197,1
4644,1
7929,1
8354,1
7964,1
4303,1
6091,1
523,1
4489,1
2946,1
9482,1
2664,1
1520,1
6004,1
5584,1
9608,1
8283,1
5742,1
3068,1
5232,1
7751,1
5204,1
443,1
1723,1
1258,1
5228,1
7089,1
7610,1
7773,1
9489,1
235,1
3382,1
8811,1
9320,1
99,1
4752,1
1091,1
8606,1
36,1
1859,1
2701,1
2164,1
4348,1
7565,1
4684,1
8610,1
5370,1
8256,1
3586,1
8279,1
580,1
6395,1
8649,1
1636,1
4771,1
6475,1
8420,1
2150,1
4759,1
5362,1
3565,1
5256,1
8462,1
2998,1
958,1
2247,1
2553,1
2545,1
6141,1
9406,1
9904,1
4093,1
2407,1
6663,1
106,1
3245,1
330,1
4223,1
7112,1
9701,1
5164,1
3187,1
4775,1
6025,1
9441,1
7937,1
6305,1
976,1
6870,1
9259,1
9370,1
8449,1
2824,1
3752,1
4976,1
6284,1
3368,1
2886,1
9621,1
254,1
5348,1
6971,1
7141,1
9232,1
7126,1
9203,1
2852,1
2188,1
3677,1
200,1
4825,1
5639,1
7206,1
7257,1
5968,1
983,1
4719,1
9257,1
6343,1
5554,1
7796,1
6800,1
8921,1
8881,1
3760,1
2628,1
8630,1
2883,1
9223,1
9867,1
5693,1
9736,1
6885,1
8784,1
4821,1
2109,1
4967,1
8392,1
2058,1
6188,1
1593,1
8885,1
7734,1
1128,1
7896,1
7021,1
7611,1
756,1
2039,1
9515,1
8951,1
836,1
1221,1
6924,1
7807,1
7012,1
1479,1
7398,1
8195,1
7577,1
6986,1
1037,1
1081,1
1735,1
4049,1
2097,1
3936,1
6761,1
2750,1
6293,1
3084,1
5395,1
4208,1
8917,1
372,1
233,1
4546,1
2304,1
6645,1
8974,1
7575,1
4482,1
5353,1
8344,1
9862,1
4181,1
4118,1
7179,1
2445,1
5607,1
6763,1
9286,1
2272,1
6668,1
302,1
3263,1
1603,1
2223,1
5334,1
782,1
6762,1
3389,1
6194,1
8981,1
8042,1
